{"\"2129\"[irb.7]": 0.08333333333333331, "\"2205\"[irb.7]": 0.08333333333333331, "coreb[irb.7]": 0.08333333333333333, "av[irb.7]": 0.08333333333333333, "\"2209\"[irb.7]": 0.08333333333333333, "corea[irb.7]": 0.08333333333333333, "\"2126\"[irb.7]": 0.08333333333333333, "\"2fl\"[irb.7]": 0.08333333333333331, "intra-cabinet[irb.7]": 0.08333333333333333, "\"1fl\"[irb.7]": 0.08333333333333333, "corea[ae30.0]": 0.08333333333333333, "coreb[ae30.0]": 0.08333333333333333}